date,nights,log_nights,hicp_PL,hicp_origins_wavg,hicp_ratio,exr_pln,relprice_wavg,relprice_DE,gdp_origins_wavg,gdp_DE,pop_origins_wavg,pop_DE,gdp_pc_origins_wavg,gdp_pc_DE,cci_DE,cci_origins_wavg_noUK,seats,log_seats,nights_lag1,nights_lag12,gdp_origins_lag3,cci_DE_lag2,seats_lag6,covid_strong,covid_post,month_01,month_02,month_03,month_04,month_05,month_06,month_07,month_08,month_09,month_10,month_11,month_12,trend,nights_yoy
2011-01-01,506388.0,13.135060427617253,94.7,93.27512249922037,1.0152760721465848,3.8896,0.401591222824325,0.2603954711535712,418814.4425591906,674262.0,55989930.45931983,80222065.0,7519.944068674107,8404.944450133513,0.4,-9.563040090963002,2106882.0,14.560720162056104,,,,,,0,0,1,0,0,0,0,0,0,0,0,0,0,0,0,
2011-02-01,492935.0,13.108134627153595,94.9,93.72279733675578,1.0125604729766486,3.9264,0.3954445918514519,0.25685146547699783,419180.9056089886,675711.7886272996,55994600.3615916,80155021.49425846,7524.093916438886,8430.06184803657,0.9,-8.91560197515372,1890725.0,14.45247144026207,506388.0,,,,,0,0,0,1,0,0,0,0,0,0,0,0,0,0,1,
2011-03-01,729229.0,13.49974446191679,95.7,94.83736865681111,1.0090959012824419,4.0145,0.38891012706314854,0.2517274036843475,419103.23894307663,675906.062948026,56002319.844992265,80114140.92789869,7520.997895895184,8436.78850100046,0.1,-9.816091889052121,2233205.0,14.618948779142299,492935.0,,,0.4,,0,0,0,0,1,0,0,0,0,0,0,0,0,0,2,
2011-04-01,782572.0,13.570342487779959,96.2,95.48289697868034,1.0075102771701594,3.9694,0.394466292101583,0.2553783015410355,418990.28743772325,676090.1,56014255.74951644,80088206.6985685,7517.161336273346,8441.818438320513,-1.0,-10.600640993612183,2372497.0,14.679453966473242,729229.0,,418814.4425591906,0.9,,0,0,0,0,0,1,0,0,0,0,0,0,0,0,3,
2011-05-01,988881.0,13.80433029104975,96.7,95.51146776471242,1.0124438694441957,3.9404,0.3988269492243124,0.25886767690915313,419163.29257679766,677110.1579800289,56028715.62791162,80080015.50673296,7518.115579874793,8455.419915885243,-1.4,-10.462045687626468,2667342.0,14.796593403818617,782572.0,,419180.9056089886,0.1,,0,0,0,0,0,0,1,0,0,0,0,0,0,0,4,
2011-06-01,1104766.0,13.915145010971445,96.3,95.43072264499426,1.0091089884988031,3.9702,0.39596107874337527,0.2558618671125199,419486.9984045894,678608.7629375957,56046148.420445345,80086425.08248205,7520.7341060722665,8473.455548036858,-0.5,-9.877333088209287,2863568.0,14.867579306911278,988881.0,,419103.23894307663,-1.0,,0,0,0,0,0,0,0,1,0,0,0,0,0,0,5,
2011-07-01,1313938.0,14.088540053813642,96.1,94.9893744908975,1.0116921025646812,3.9951,0.3940368855945747,0.25267296976611475,419682.0370251653,679746.2,56064936.41156234,80104536.77158082,7519.671131683373,8485.73910287136,-0.9,-9.78355669794216,3043575.0,14.928543697854545,1104766.0,,418990.28743772325,-1.4,2106882.0,0,0,0,0,0,0,0,0,1,0,0,0,0,0,6,
2011-08-01,1313410.0,14.088138127913318,96.1,95.20548201264268,1.009395656305154,4.1195,0.38137333432174114,0.2450427919681041,419575.38161667227,680052.3609466478,56085817.08237827,80132961.82951486,7511.315908054797,8486.549672199542,-3.8,-12.51908001947728,3069436.0,14.937004715123663,1313938.0,,419163.29257679766,-0.5,1890725.0,0,0,0,0,0,0,0,0,0,1,0,0,0,0,7,
2011-09-01,1176491.0,13.978047687296431,96.1,95.88457612333733,1.002246699994643,4.3379,0.3607165471859184,0.23246145451640068,419299.6673163151,679833.8376962485,56107664.71099058,80168616.95688301,7499.364975455186,8480.049469506037,-3.0,-13.078115095423446,3030607.0,14.92427381742202,1313410.0,,419486.9984045894,-0.9,2233205.0,0,0,0,0,0,0,0,0,0,0,1,0,0,0,8,
2011-10-01,972541.0,13.787668541202846,96.8,96.16126072222987,1.0066423762851362,4.3516,0.36217445582524965,0.2331728680050789,419085.30278473225,679673.1,56129229.812948406,80207493.46558441,7489.651154799676,8473.93517279823,-5.1,-14.67149877195628,2604650.0,14.772809251065805,1176491.0,,419682.0370251653,-3.8,2372497.0,0,0,0,0,0,0,0,0,0,0,0,1,0,0,9,
2011-11-01,674250.0,13.42135772413028,97.5,96.25548326568406,1.0129293074232544,4.4324,0.3591080287571887,0.23057769574414583,419061.73719639494,679975.5363669319,56151435.010090165,80249586.93241155,7485.169622803709,8473.25902050594,-4.9,-13.26801790282406,2204575.0,14.60604575812351,972541.0,,419575.38161667227,-3.0,2667342.0,0,0,0,0,0,0,0,0,0,0,0,0,1,0,10,
2011-12-01,564863.0,13.244340273189165,98.0,96.5820796443636,1.0146809880348144,4.4774,0.3549982356723671,0.22775965332563725,419081.9081552461,680551.4954420978,56172354.68978906,80289696.51660827,7482.99763075891,8476.199624211094,-4.0,-14.17219984083244,2250003.0,14.626442551956801,674250.0,,419299.6673163151,-5.1,2863568.0,0,0,0,0,0,0,0,0,0,0,0,0,0,1,11,
2012-01-01,590414.0,13.288580958449725,98.6,95.78832955756909,1.0293529541168278,4.376,0.3645544951832668,0.23544401972189904,418919.2257350386,681117.2,56192868.4457329,80327900.0,7477.942920528396,8479.210834591717,-4.3,-15.246818968764902,2246568.0,14.624914721465364,564863.0,506388.0,419085.30278473225,-4.9,3043575.0,0,0,1,0,0,0,0,0,0,0,0,0,0,0,12,0.1659320521023404
2012-02-01,552440.0,13.222101919341556,99.0,96.23920949538537,1.0286867537575421,4.1835,0.3794800801505527,0.2452268999046959,418437.9310165537,681419.1525784915,56211859.330651924,80360727.4284914,7466.880642771957,8479.504533913645,-4.8,-14.559985102553895,2082698.0,14.549175206681028,590414.0,492935.0,419061.73719639494,-4.0,3069436.0,0,0,0,1,0,0,0,0,0,0,0,0,0,0,13,0.1207157130250438
2012-03-01,820859.0,13.618107850142215,99.5,97.38796266048108,1.0216868418007883,4.137,0.38140284653525336,0.2482068613356822,417930.9706305321,681582.5483994897,56228315.35311385,80386671.87117866,7455.19063088673,8478.800434626031,-4.8,-14.471561322139777,2337399.0,14.664549758481193,552440.0,729229.0,419081.9081552461,-4.3,3030607.0,0,0,0,0,1,0,0,0,0,0,0,0,0,0,14,0.1256532584414498
2012-04-01,892225.0,13.701474742699803,100.0,97.92441842518276,1.0211957508474052,4.1782,0.37778462681298075,0.24673970490918246,417672.5057024208,681848.5,56244698.11352519,80409961.70952621,7447.535498887878,8479.652091653976,-4.7,-15.400136376471313,2737973.0,14.822728788802975,820859.0,782572.0,418919.2257350386,-4.8,2604650.0,0,0,0,0,0,1,0,0,0,0,0,0,0,0,15,0.14011873667854213
2012-05-01,1101148.0,13.911864738065136,100.2,97.79946459214361,1.0245454861932775,4.2936,0.3703219757137563,0.24108532861518278,417915.5381104377,682333.0888403831,56259550.3609428,80428760.39243871,7448.780024493007,8483.695204439962,-5.4,-16.46310294865056,3200899.0,14.978942578226588,892225.0,988881.0,418437.9310165537,-4.8,2204575.0,0,0,0,0,0,0,1,0,0,0,0,0,0,0,16,0.11352933264973242
2012-06-01,1288635.0,14.06909485259273,100.4,97.62628659925242,1.0284115426015683,4.2973,0.37145470365888555,0.2418582538152056,418386.22997935046,682891.2562265961,56274059.38900362,80444989.0938075,7453.663902044001,8488.922230199714,-4.6,-15.968902256052369,3534255.0,15.078013368400612,1101148.0,1104766.0,417930.9706305321,-4.7,2250003.0,0,0,0,0,0,0,0,1,0,0,0,0,0,0,17,0.16643252960355404
2012-07-01,1410863.0,14.159712840647398,100.0,97.23640991329063,1.0284213504917938,4.1837,0.37740380763884634,0.24641533452483358,418649.26669751114,683237.7,56287477.84196979,80458240.15703422,7454.437963915993,8491.830030914076,-5.6,-16.26144206306231,3208547.0,14.981329056322608,1288635.0,1313938.0,417672.5057024208,-5.4,2246568.0,0,0,0,0,0,0,0,0,1,0,0,0,0,0,18,0.07376679873784009
2012-08-01,1439799.0,14.180014773017339,99.8,97.6413371905363,1.0221080832317084,4.0934,0.3803649568973483,0.25031530197004664,418414.05081731494,683159.9187542954,56300897.427181475,80470064.91469777,7445.671166035546,8489.615603994835,-6.1,-17.67926322852548,2827719.0,14.854981291195806,1410863.0,1313410.0,417915.5381104377,-4.6,2082698.0,0,0,0,0,0,0,0,0,0,1,0,0,0,0,19,0.09622966172025493
2012-09-01,1282375.0,14.06422516519281,99.8,98.41209577379848,1.0141029841432463,4.1345,0.37554427699931386,0.247826982001255,417806.1933420101,682498.2831698535,56314063.92462141,80480669.91962321,7430.623016431258,8480.275870609314,-7.1,-18.17257898356568,3078039.0,14.939803588748113,1439799.0,1176491.0,418386.22997935046,-5.6,2337399.0,0,0,0,0,0,0,0,0,0,0,1,0,0,0,20,0.08999983850280202
2012-10-01,1072877.0,13.885855315241708,100.1,98.72117644366205,1.0139668468915057,4.1071,0.38014613934338576,0.25023026934326226,417103.14548585407,681190.4,56326755.507400244,80490417.84283204,7415.407545960866,8462.999922923898,-7.2,-17.56603501127484,2383180.0,14.683946707875444,1282375.0,972541.0,418649.26669751114,-6.1,2737973.0,0,0,0,0,0,0,0,0,0,0,0,1,0,0,21,0.10316891524367611
2012-11-01,757015.0,13.53713966825963,100.1,98.58067513759791,1.0154119948994205,4.1321,0.3798678702430383,0.24922809006231741,416495.64656568965,679243.2656705905,56340015.42484566,80500626.47423533,7403.808026452028,8437.738877572412,-6.5,-18.245221467355794,1818894.0,14.413739731809974,1072877.0,674250.0,418414.05081731494,-7.1,3200899.0,0,0,0,0,0,0,0,0,0,0,0,0,1,0,22,0.12275120504264003
2012-12-01,667949.0,13.411968599417959,100.1,98.93126985507878,1.011813556488593,4.0956,0.3824755484100418,0.24914233807913397,416211.5924620663,677653.6973873344,56353176.90900142,80511276.54884535,7398.558068331362,8416.87930480408,-6.7,-18.8983335839771,2189344.0,14.599112970299329,757015.0,564863.0,417806.1933420101,-7.2,3534255.0,0,0,0,0,0,0,0,0,0,0,0,0,0,1,23,0.1824973489146926
2013-01-01,641788.0,13.372014868215283,100.2,97.97367274516024,1.0227237296761413,4.1424,0.38225296946193527,0.2480910360400511,416419.3376698528,677424.3,56367314.5359537,80523746.0,7400.7207902999135,8412.727097917179,-5.4,-16.832557176564258,2399838.0,14.690912209734654,667949.0,590414.0,417103.14548585407,-6.5,3208547.0,0,0,1,0,0,0,0,0,0,0,0,0,0,0,24,0.0870135193271162
2013-02-01,604500.0,13.312158603295336,100.2,98.37001523831427,1.0186030749029809,4.17,0.3786596663939451,0.24469222992278278,417231.2093633452,679347.1543843135,56382147.304888435,80538228.67186752,7410.965901114506,8435.089343125986,-5.4,-17.316923799904824,2190528.0,14.599653625134989,641788.0,552440.0,416495.64656568965,-6.7,2827719.0,0,0,0,1,0,0,0,0,0,0,0,0,0,0,25,0.09423647816957503
2013-03-01,871544.0,13.678022777721042,100.5,99.44821502624252,1.0105762076622484,4.1565,0.3772771785486233,0.24497463781231069,418248.3900355869,682184.0420012599,56396097.97913787,80552974.65911269,7423.97077557582,8468.76288415361,-5.2,-16.791805969663137,2487244.0,14.726686230197298,604500.0,820859.0,416211.5924620663,-5.4,3078039.0,0,0,0,0,1,0,0,0,0,0,0,0,0,0,26,0.061746292603236386
2013-04-01,894653.0,13.7041923303322,100.8,99.40891988164059,1.013993514063081,4.1359,0.38132593038840124,0.24843998543964227,419337.15609107073,685321.8,56412058.12312166,80570924.66786101,7437.974221056375,8505.820217716435,-4.8,-15.499638618011359,2775241.0,14.836248508567552,871544.0,892225.0,416419.3376698528,-5.4,2383180.0,0,0,0,0,0,1,0,0,0,0,0,0,0,0,27,0.0027212866709629413
2013-05-01,1210056.0,14.00617802390142,100.7,99.51925940151891,1.0118644431799608,4.1799,0.3778855428904131,0.24508123542457236,420083.86481939413,687386.1095099732,56427921.62853544,80589703.79454526,7447.6650814283275,8529.45323216958,-4.7,-16.408657382564247,3058705.0,14.933502508674376,894653.0,1101148.0,417231.2093633452,-5.2,1818894.0,0,0,0,0,0,0,1,0,0,0,0,0,0,0,28,0.09890405286119575
2013-06-01,1239846.0,14.030498542871632,100.7,99.56057267514225,1.0114445637890774,4.2839,0.36880714163198886,0.23864586600544146,420585.5630431735,688500.416296937,56444642.63062934,80610332.36885956,7454.381267484249,8541.093877971784,-4.6,-15.390602712993978,3261238.0,14.997617742487563,1210056.0,1288635.0,418248.3900355869,-4.8,2189344.0,0,0,0,0,0,0,0,1,0,0,0,0,0,0,29,-0.03786099244549468
2013-07-01,1507976.0,14.226279575444336,100.9,99.11461729594762,1.0180133138053833,4.2745,0.3726160764168117,0.23867644096761653,420937.99069274776,688831.7,56461043.34779819,80631257.81062657,7459.4340382689725,8542.985917667495,-3.8,-13.870155213865203,3441897.0,15.051533621380768,1239846.0,1410863.0,419337.15609107073,-4.7,2399838.0,0,0,0,0,0,0,0,0,1,0,0,0,0,0,30,0.0688323387883869
2013-08-01,1524402.0,14.237113415967311,100.6,99.30459321477491,1.0130447821524569,4.2299,0.3748543946146936,0.24047591665965276,421290.3525807107,688732.954073058,56478113.72940914,80653643.5372126,7464.780440879004,8539.390458600734,-3.9,-12.681117577491774,3429226.0,15.047845429312256,1507976.0,1439799.0,420083.86481939413,-4.6,2190528.0,0,0,0,0,0,0,0,0,0,1,0,0,0,0,31,0.05876028528982169
2013-09-01,1319430.0,14.092711141023162,100.7,99.78968258986255,1.0091223600126966,4.2371,0.37236727990657426,0.2403059173077032,421726.2527312907,688845.020713572,56495203.97347456,80676569.12931551,7471.114378386973,8538.352933792097,-3.0,-10.613380717744263,3298680.0,15.009033249566887,1524402.0,1282375.0,420585.5630431735,-3.8,2487244.0,0,0,0,0,0,0,0,0,0,0,1,0,0,0,32,0.02889560386002543
2013-10-01,1149557.0,13.95488807863279,100.8,99.6941743463722,1.01109217926602,4.1902,0.377563365935527,0.2439769875483634,422311.24109143246,689855.5,56511661.735778004,80699045.06934121,7478.8254980098645,8548.49644636113,-2.6,-11.746801243041823,2787030.0,14.840487429473628,1319430.0,1072877.0,420937.99069274776,-3.9,2775241.0,0,0,0,0,0,0,0,0,0,0,0,1,0,0,33,0.07147138022345523
2013-11-01,813543.0,13.609155291455762,100.6,99.6656615300692,1.0093747280215353,4.1887,0.38203086604075803,0.243087025445074,423121.770825366,692228.1081361527,56528480.76869558,80722338.14120655,7488.657243757938,8575.421922556889,-1.8,-10.689940781866287,2308265.0,14.652007151269034,1149557.0,757015.0,421290.3525807107,-3.0,3058705.0,0,0,0,0,0,0,0,0,0,0,0,0,1,0,34,0.07467223238641241
2013-12-01,693973.0,13.450189774810204,100.7,99.98087627020556,1.0071926127937803,4.176,0.3847599189414528,0.2428397248170141,423959.0199250796,694965.6713948556,56544476.96605288,80744723.86166644,7498.575350379308,8606.948394367977,-1.3,-10.546087272319815,2203023.0,14.605341519960273,813543.0,667949.0,421726.2527312907,-2.6,3261238.0,0,0,0,0,0,0,0,0,0,0,0,0,0,1,35,0.03896105840415953
2014-01-01,662355.0,13.403558454726168,100.8,98.8900491233503,1.0193138833844377,4.1799,0.38648820886293966,0.24457818924499444,424679.3869917613,697058.0,56560613.30922957,80767463.0,7507.36730377417,8630.43079612393,-0.4,-9.357168560179877,2425205.0,14.701427027199413,693973.0,641788.0,422311.24109143246,-1.8,3441897.0,0,0,1,0,0,0,0,0,0,0,0,0,0,0,36,0.03204640784807444
2014-02-01,613323.0,13.32664862340997,100.9,99.17317917288612,1.0174121757668326,4.1741,0.3865082633036666,0.24367818135027755,425121.3872545524,697569.3228319653,56576294.29547966,80789735.58696763,7513.475429572848,8634.380565351074,-0.1,-9.275440092343267,2229810.0,14.617427386481303,662355.0,604500.0,423121.770825366,-1.3,3429226.0,0,0,0,1,0,0,0,0,0,0,0,0,0,0,37,0.014595533498759306
2014-03-01,871335.0,13.677782944937276,101.1,100.03360192997064,1.010660398600621,4.1987,0.38291275793999374,0.24224226920098246,425406.243759511,697222.005718952,56590181.54958017,80809948.14715065,7517.979206404184,8627.92294395917,-0.6,-7.775932690207597,2535595.0,14.745939275855015,613323.0,871544.0,423959.0199250796,-0.4,3298680.0,0,0,0,0,1,0,0,0,0,0,0,0,0,0,38,-0.00023980430133185848
2014-04-01,983050.0,13.798416279777376,101.1,100.31220726791213,1.0078534084090467,4.1853,0.3844420531428713,0.24350780727939492,425801.2965906672,696911.7,56605425.31372096,80833141.46136631,7523.9409727819775,8621.6085061235,-0.4,-7.551108796165223,2825869.0,14.854326839753083,871335.0,894653.0,424679.3869917613,-0.1,2787030.0,0,0,0,0,0,1,0,0,0,0,0,0,0,0,39,0.09880590575340387
2014-05-01,1251408.0,14.03978067446556,101.0,100.21521535825786,1.0078309929179579,4.18,0.3841258502770266,0.24406746894785172,426413.2358415028,697449.2119697883,56620218.42016411,80857104.19041076,7532.238232421328,8625.70109272479,0.0,-7.077712944359073,3134218.0,14.9578905782059,983050.0,1210056.0,425121.3872545524,-0.6,2308265.0,0,0,0,0,0,0,1,0,0,0,0,0,0,0,40,0.034173625022313026
2014-06-01,1298216.0,14.076502342550457,101.0,100.30995683122683,1.0068791094181626,4.1352,0.38793849317469264,0.2457188478131314,427211.4160069053,698847.4870337839,56635731.39694122,80884183.72047114,7542.853283801033,8640.10063387598,-0.5,-6.813312462781329,3504331.0,15.069510475408476,1251408.0,1239846.0,425406.243759511,-0.4,2203023.0,0,0,0,0,0,0,0,1,0,0,0,0,0,0,41,0.047078427482122764
2014-07-01,1512695.0,14.229404047268352,100.8,99.64403847594652,1.011600910016634,4.1444,0.38849591566932773,0.2441965526423811,428018.70301270636,700787.1,56651139.84307984,80913350.77878231,7554.004742193435,8660.957595440053,-0.1,-7.370849178608388,3766933.0,15.14177196594729,1298216.0,1507976.0,425801.2965906672,0.0,2425205.0,0,0,0,0,0,0,0,0,1,0,0,0,0,0,42,0.003129360148967919
2014-08-01,1644358.0,14.312861200588726,100.5,99.78520067925615,1.007163380099234,4.1919,0.3837042501933226,0.2404694940758725,428780.0206805854,703087.3717206625,56667655.30925795,80947299.70681596,7565.403773498776,8685.742134292106,-1.5,-7.850165457861465,3747538.0,15.136609915842696,1512695.0,1524402.0,426413.2358415028,-0.5,2229810.0,0,0,0,0,0,0,0,0,0,1,0,0,0,0,43,0.07869052913863928
2014-09-01,1365023.0,14.126682568864211,100.4,100.22450029782297,1.0017510658736688,4.1899,0.38152226516729415,0.24034489204743997,429445.2827227444,705093.6268951406,56684961.251147866,80985882.88620214,7576.075978928467,8706.376985306288,-2.1,-8.167453077235326,3290618.0,15.006586250940991,1644358.0,1319430.0,427211.4160069053,-0.1,2535595.0,0,0,0,0,0,0,0,0,0,0,1,0,0,0,44,0.03455507302395722
2014-10-01,1204789.0,14.001815835860517,100.5,100.2217769527807,1.002776073780356,4.2066,0.38002920484371727,0.24059444495436105,429996.9604361426,706124.9,56702639.95011128,81028359.55297638,7585.244821317018,8714.54024116501,-1.3,-8.08288723654843,3170838.0,14.969506779604579,1365023.0,1149557.0,428018.70301270636,-1.5,2825869.0,0,0,0,0,0,0,0,0,0,0,0,1,0,0,45,0.0480463343705444
2014-11-01,832233.0,13.631868930259978,100.3,100.01539420555888,1.002845619883837,4.2121,0.38035086157757436,0.23980211615445482,430489.3643483529,705878.4467797584,56722054.30701446,81078311.3558412,7593.441553269766,8706.131577922955,-1.9,-8.521648164230244,2721735.0,14.816780469980772,1204789.0,813543.0,428780.0206805854,-2.1,3134218.0,0,0,0,0,0,0,0,0,0,0,0,0,1,0,46,0.022973585907567262
2014-12-01,753456.0,13.532427228399731,100.0,99.90699478669207,1.0009309179352908,4.2155,0.38014946271316874,0.23865169429577107,430975.4064047527,705057.3463455732,56742128.21894135,81133233.39152795,7601.54597945346,8690.11768510629,-1.4,-7.620189423585411,2677285.0,14.800314152806388,832233.0,693973.0,429445.2827227444,-1.3,3504331.0,0,0,0,0,0,0,0,0,0,0,0,0,0,1,47,0.08571370932298517
2015-01-01,666387.0,13.409627362469758,99.7,98.41824141196167,1.0130235875956481,4.2783,0.3775674443622372,0.23754993522415935,431593.2052708351,704589.7,56764384.26762246,81197537.0,7611.940464375317,8677.476263842831,-0.5,-5.598601054957594,2759374.0,14.830514762774461,753456.0,662355.0,429996.9604361426,-1.9,3766933.0,0,0,1,0,0,0,0,0,0,0,0,0,0,0,48,0.00608737006590121
2015-02-01,699791.0,13.458538427012712,99.6,98.87768701992553,1.0073051160665691,4.176,0.3831079669584046,0.24091489608730987,432394.1846278419,705243.7033370703,56788282.03867949,81269896.6181949,7625.437648271536,8677.797470941765,-0.1,-4.188376726492384,2552012.0,14.752393017477731,666387.0,613323.0,430489.3643483529,-1.4,3747538.0,0,0,0,1,0,0,0,0,0,0,0,0,0,0,49,0.1409828100364734
2015-03-01,948780.0,13.76293328172998,99.9,99.96261693689326,0.9993735964622377,4.1259,0.38258713655355886,0.24285756272671724,433193.0961925445,706546.272229856,56811091.072224595,81341245.77711251,7638.5001301073835,8686.199301224142,0.5,-2.5974257571168424,2909457.0,14.883477367504657,699791.0,871335.0,430975.4064047527,-0.5,3290618.0,0,0,0,0,1,0,0,0,0,0,0,0,0,0,50,0.08888085523937406
2015-04-01,1026422.0,13.84159050045027,100.3,100.37404061082911,0.9992623529910868,4.018,0.393699111322403,0.24912842309408062,434030.64870176534,708245.7,56837412.428597026,81425479.12091848,7651.173120884322,8698.084526444614,0.7,-2.399371119299087,3153884.0,14.964145584204362,948780.0,983050.0,431593.2052708351,-0.1,3170838.0,0,0,0,0,0,1,0,0,0,0,0,0,0,0,51,0.044119831137785503
2015-05-01,1310908.0,14.086231347674577,100.4,100.68126240041416,0.9972064076898881,4.0811,0.38641158872026693,0.24454483556625015,434702.05466303526,709716.4756314077,56863670.23063285,81510858.03573701,7659.770108230923,8707.01760151077,0.1,-3.3743274310617597,3448247.0,15.053376833933248,1026422.0,1251408.0,432394.1846278419,0.5,2721735.0,0,0,0,0,0,0,1,0,0,0,0,0,0,0,52,0.047546443685832385
2015-06-01,1350803.0,14.116210528697339,100.5,100.67714772772916,0.9982404375597902,4.1586,0.37903658417922503,0.24046554128793346,435311.53954863467,710997.3124745444,56891312.10930944,81601600.67955989,7666.443615720289,8713.031442441297,-0.2,-3.5186811234639546,3854979.0,15.164876376898665,1310908.0,1298216.0,433193.0961925445,0.7,2677285.0,0,0,0,0,0,0,0,1,0,0,0,0,0,0,53,0.04050712670310652
2015-07-01,1648634.0,14.315458230770568,100.4,100.11257714737039,1.0028709964404026,4.1524,0.38017242390681494,0.23963120089887477,435915.7402127862,712048.0,56918264.785146184,81690441.9620495,7673.155511214244,8716.417525697712,-0.6,-4.382354521680357,4022407.0,15.207391286238458,1350803.0,1512695.0,434030.64870176534,0.1,2759374.0,0,0,0,0,0,0,0,0,1,0,0,0,0,0,54,0.08986543883598475
2015-08-01,1691207.0,14.34095362445589,100.1,100.04878730419253,1.0005118772269748,4.1953,0.37685539948574576,0.23670668499405423,436632.3805464605,713027.0758815535,56946022.21404054,81781830.86570904,7682.232404019412,8718.648975374363,-1.0,-3.3017734603769364,3952231.0,15.189791040580298,1648634.0,1644358.0,434702.05466303526,-0.2,2552012.0,0,0,0,0,0,0,0,0,0,1,0,0,0,0,55,0.028490754446416133
2015-09-01,1410338.0,14.159340658988679,99.8,100.24371217135506,0.9955736658016356,4.2176,0.37302911698494995,0.2354502147834424,437431.0832231587,714162.9507904791,56973376.58334513,81871301.3017669,7692.955805462157,8722.994986462569,-2.1,-2.7157687936961823,3765537.0,15.141401304093922,1691207.0,1365023.0,435311.53954863467,-0.6,2909457.0,0,0,0,0,0,0,0,0,0,0,1,0,0,0,56,0.033197242830340645
2015-10-01,1272260.0,14.056306190513132,99.9,100.39401304611785,0.9950792579046431,4.2508,0.369967784416823,0.23384535869630865,438250.301062695,715704.0,56999171.66868479,81954632.7293339,7703.840446908119,8732.929136095427,-3.2,-2.6872764184621554,3308844.0,15.012109743860425,1410338.0,1204789.0,435915.7402127862,-1.0,3153884.0,0,0,0,0,0,0,0,0,0,0,0,1,0,0,57,0.056002337338737274
2015-11-01,902080.0,13.712459595456401,99.8,100.10481856558549,0.9969550060631119,4.2494,0.3692087518629432,0.23603686999973753,439102.5657226001,717897.2041392536,57024824.253257126,82035906.80725172,7714.570624648103,8751.01199071275,-3.2,-1.848592285764619,2879149.0,14.873005669661186,1272260.0,832233.0,436632.3805464605,-2.1,3448247.0,0,0,0,0,0,0,0,0,0,0,0,0,1,0,58,0.08392721749798437
2015-12-01,830047.0,13.629238809425916,99.6,100.09514503988824,0.995053256182496,4.29,0.3653818735819827,0.2331002331002331,439858.45147568005,720150.2611567918,57048389.399136655,82108469.32040244,7723.657069806287,8770.718381640172,-1.8,-1.2670355381726148,2884898.0,14.875000448646007,902080.0,753456.0,437431.0832231587,-3.2,3854979.0,0,0,0,0,0,0,0,0,0,0,0,0,0,1,59,0.10165291669321097
2016-01-01,793803.0,13.584591858371065,99.4,98.65210700084748,1.0075811153141017,4.4074,0.35948221136416486,0.22896425462575745,440481.90411272633,721992.8,57071135.226890326,82175684.0,7730.925828543444,8785.96641799781,-2.2,-1.977049345670723,2956501.0,14.899517370718355,830047.0,666387.0,438250.301062695,-3.2,4022407.0,0,0,1,0,0,0,0,0,0,0,0,0,0,0,60,0.19120421016616462
2016-02-01,809059.0,13.603628358927082,99.4,98.76075240094397,1.0064726886289894,4.397,0.3616891370037898,0.22857757828724565,440897.53619260807,722911.4584457646,57092026.2224144,82233916.85746679,7735.751377712427,8790.916036490906,-2.2,-2.7925757730134277,2814964.0,14.850460386086093,793803.0,699791.0,439102.5657226001,-1.8,3952231.0,0,0,0,1,0,0,0,0,0,0,0,0,0,0,61,0.1561437629235014
2016-03-01,1082676.0,13.894947235885024,99.5,99.93693743444022,0.9956278684772899,4.2932,0.3670491720837898,0.23222630857541043,441197.0531621503,723253.5628551466,57109985.6408979,82280728.14572339,7739.563687960114,8790.0724647724,-2.6,-3.988885403065749,3145050.0,14.961340664201412,809059.0,948780.0,439858.45147568005,-2.2,3765537.0,0,0,0,0,1,0,0,0,0,0,0,0,0,0,62,0.14112439132359444
2016-04-01,1162426.0,13.96602061877299,99.8,100.11249492472876,0.9968785622118026,4.3106,0.3656173886896967,0.23175404792813042,441566.3835954737,723601.4,57127674.08523272,82323470.26212853,7744.987597607826,8789.733932449153,-1.7,-3.54297156561156,3330655.0,15.018679839552263,1082676.0,1026422.0,440481.90411272633,-2.2,3308844.0,0,0,0,0,0,1,0,0,0,0,0,0,0,0,63,0.13250300558639627
2016-05-01,1411516.0,14.160175570528056,100.0,100.50122162326615,0.9950127807884266,4.4039,0.35778663948978656,0.225941750635094,442077.92447063496,724310.169511527,57143485.22716701,82358525.30416095,7753.050653429311,8794.598577822437,-2.0,-4.0571335391422,3702851.0,15.12461389150318,1162426.0,1310908.0,440897.53619260807,-2.6,2879149.0,0,0,0,0,0,0,1,0,0,0,0,0,0,0,64,0.07674680450496907
2016-06-01,1519582.0,14.233946513078516,100.1,100.65868258605722,0.9944497327830653,4.3996,0.35894196122555494,0.22616370148958054,442727.7339342885,725277.7963961593,57158661.691354,82389150.87691255,7763.486864723541,8803.07405376355,-1.1,-3.557469111527379,3715007.0,15.127891389563711,1411516.0,1350803.0,441197.0531621503,-1.7,2884898.0,0,0,0,0,0,0,0,1,0,0,0,0,0,0,65,0.12494716105901449
2016-07-01,1923597.0,14.469707948667907,99.8,100.20700630455704,0.995938344836687,4.3964,0.3618722559548848,0.22431216629631934,443400.54814952594,726160.6,57172404.83405619,82414252.35866687,7774.268424075478,8811.10462350309,-1.5,-4.369203723489686,4339449.0,15.283258169935303,1519582.0,1648634.0,441566.3835954737,-2.0,2956501.0,0,0,0,0,0,0,0,0,1,0,0,0,0,0,66,0.166782317967481
2016-08-01,1891596.0,14.452932003791624,99.6,100.27248569491539,0.993293417528698,4.3005,0.3700040819688315,0.22908108469893604,444094.66243288555,726872.2611842767,57185819.41331131,82436423.78383057,7785.19704735648,8817.367709816257,-1.2,-4.061830926385914,4363213.0,15.288719499722513,1923597.0,1691207.0,442077.92447063496,-1.1,2814964.0,0,0,0,0,0,0,0,0,0,1,0,0,0,0,67,0.11848874797703646
2016-09-01,1602073.0,14.286809597803288,99.6,100.68125857304732,0.9892605775059632,4.3207,0.3678087709810379,0.22801009205632755,444859.5600954796,727822.23568867,57198626.06764621,82455702.38010442,7796.953797904801,8826.827189386537,-1.5,-3.8351501538369495,4239928.0,15.260057081784918,1891596.0,1410338.0,442727.7339342885,-1.5,3145050.0,0,0,0,0,0,0,0,0,0,0,1,0,0,0,68,0.1359496801475959
2016-10-01,1401005.0,14.15270110796522,100.0,100.95715938344937,0.9905191529823661,4.3076,0.3721949136056964,0.22939509065143435,445762.90781613794,729524.2,57210623.244916774,82472495.63320531,7810.564563208012,8845.666599499347,-1.7,-2.9607046410758677,3638322.0,15.107033419165775,1602073.0,1272260.0,443400.54814952594,-1.2,3330655.0,0,0,0,0,0,0,0,0,0,0,0,1,0,0,69,0.10119393834593549
2016-11-01,1020120.0,13.835431805675755,100.0,100.8077170796373,0.9919875471537639,4.3911,0.3651136878529208,0.22705221313127869,446921.49129883,732427.954601423,57222799.30546526,82488843.69562964,7827.813466666001,8879.115305628025,-0.9,-2.0742118625515635,3237419.0,14.990287274259913,1401005.0,902080.0,444094.66243288555,-1.5,3702851.0,0,0,0,0,0,0,0,0,0,0,0,0,1,0,70,0.13085313941113874
2016-12-01,961772.0,13.776533735067346,100.5,101.35004092885477,0.9916128210599197,4.4357,0.3594713750186861,0.2238841679898481,448156.86523485003,735781.5368141022,57234549.1799825,82504573.07535954,7846.133555550589,8918.069743140668,-0.3,-1.8298027897311235,3317961.0,15.014861296984606,1020120.0,830047.0,444859.5600954796,-1.7,3715007.0,0,0,0,0,0,0,0,0,0,0,0,0,0,1,71,0.15869583288657152
2017-01-01,838952.0,13.639909964809895,100.8,100.51322527758293,1.0028531043713411,4.3671,0.3671565610647624,0.23035607701955435,449402.9511021553,738993.4,57246844.74196056,82521653.0,7864.646458409731,8955.145384690732,-0.1,-1.6164670279886644,3349244.0,15.02424550526658,961772.0,793803.0,445762.90781613794,-0.9,4339449.0,0,0,1,0,0,0,0,0,0,0,0,0,0,0,72,0.056876832161128155
2017-02-01,863482.0,13.668729489056021,101.3,100.88094295413593,1.0041539762971345,4.3081,0.3718285281459237,0.23281035654457952,450499.0721652715,741327.7261074954,57259455.1151534,82540312.72575873,7881.04222623604,8981.401955315658,-1.4,-2.741717388111167,3022897.0,14.921726531875771,838952.0,809059.0,446921.49129883,-0.3,4363213.0,0,0,0,1,0,0,0,0,0,0,0,0,0,0,73,0.06726703491339947
2017-03-01,1100166.0,13.910972544427203,101.3,101.65398485917152,0.9965177473400387,4.2871,0.3728201710841719,0.23325791327470785,451365.03322158393,742847.0706857078,57271138.96019885,82558502.94828841,7894.054619711167,8997.826319004353,-0.4,-1.7122865176746156,3472786.0,15.060467999583413,863482.0,1082676.0,448156.86523485003,-0.1,4239928.0,0,0,0,0,1,0,0,0,0,0,0,0,0,0,74,0.016154417388027476
2017-04-01,1261882.0,14.048115607801307,101.6,102.24006518801387,0.9937395854860144,4.2374,0.3756158902098083,0.23529898928430798,452222.05716948677,744258.4,57284393.928988144,82579911.46032274,7906.913828935682,9012.584136247164,0.4,-1.052943489903067,3675568.0,15.11721850857613,1100166.0,1162426.0,449402.9511021553,-1.4,3638322.0,0,0,0,0,0,1,0,0,0,0,0,0,0,0,75,0.08555899472310502
2017-05-01,1447273.0,14.18519234497874,101.5,102.24835448385777,0.9926810119572544,4.1998,0.3787808096713433,0.2374048871819231,452998.9835212516,745715.0425447355,57297534.81045071,82601691.51517443,7918.448176041639,9027.842273759528,1.3,-1.1013407885614188,4145918.0,15.237635034883976,1261882.0,1411516.0,450499.0721652715,-0.4,3237419.0,0,0,0,0,0,0,1,0,0,0,0,0,0,0,76,0.02533233771349397
2017-06-01,1622510.0,14.299485507198417,101.4,102.30719940965618,0.9911325946278366,4.2113,0.3774427871133489,0.2353673084418246,453860.267955039,747634.0432956996,57311431.29125777,82625073.05452816,7930.97434598195,9048.512947181309,2.0,-0.3210554885809689,4594095.0,15.340282558834787,1447273.0,1519582.0,451365.03322158393,0.4,3317961.0,0,0,0,0,0,0,0,1,0,0,0,0,0,0,77,0.06773441643820477
2017-07-01,2029532.0,14.523316275291496,101.2,101.90654401182917,0.9930667454315087,4.2362,0.37332140666358726,0.23216068786367156,454873.01339909615,750181.4,57325180.72474649,82648335.02914649,7945.380058955228,9076.787811096781,2.0,-0.28169315199194545,4897398.0,15.404214805821463,1622510.0,1923597.0,452222.05716948677,1.3,3349244.0,0,0,0,0,0,0,0,0,1,0,0,0,0,0,78,0.05507130651586589
2017-08-01,2036735.0,14.526859084453426,101.0,102.17005751647669,0.98854794110018,4.2666,0.3704981735014606,0.22982762018277894,456141.80311138125,753545.4706972311,57339693.367723145,82672806.17536516,7963.170414021485,9114.79246390662,1.4,0.006798198869154337,4906149.0,15.406000078139531,2029532.0,1891596.0,452998.9835212516,2.0,3022897.0,0,0,0,0,0,0,0,0,0,1,0,0,0,0,79,0.07672832888206571
2017-09-01,1721724.0,14.358837253191174,101.2,102.58459236917152,0.9865029207876679,4.2693,0.3691514544554043,0.2301370884792964,457312.84502966015,756544.6132846572,57354509.42746391,82697492.50272158,7979.600522706852,9148.338001418353,1.3,0.17285398352651038,4793848.0,15.382844195774938,2036735.0,1602073.0,453860.267955039,2.0,3472786.0,0,0,0,0,0,0,0,0,0,0,1,0,0,0,80,0.07468511110292719
2017-10-01,1515072.0,14.230974180583237,101.6,102.7114631521337,0.9891787818221669,4.2627,0.3699970132249224,0.2320804165953122,457962.30664708256,757786.3,57369130.27642499,82721372.47935879,7988.991488655849,9160.707532857825,1.6,0.4710016205995302,4309838.0,15.276411106393816,1721724.0,1401005.0,454873.01339909615,1.4,3675568.0,0,0,0,0,0,0,0,0,0,0,0,1,0,0,81,0.08141798209142714
2017-11-01,1148682.0,13.954126626685602,102.0,102.68999003268094,0.9932808442920157,4.2268,0.37533490569004513,0.2365855966688748,457900.8442025802,756592.5926937622,57384524.26577748,82745816.04174717,7988.875364797742,9143.575214873026,1.5,0.7185142521831338,3646538.0,15.109289056536397,1515072.0,1020120.0,456141.80311138125,1.3,4145918.0,0,0,0,0,0,0,0,0,0,0,0,0,1,0,82,0.1260263498411951
2017-12-01,1119205.0,13.928130063291162,102.2,103.0040876649386,0.9921936334453618,4.2032,0.37798893108333637,0.23675567444510215,457547.3930232803,754534.4103764254,57399692.13540404,82769033.62303415,7984.829343278753,9116.143771992076,1.4,1.2054895188137904,3699826.0,15.123796619764565,1148682.0,961772.0,457312.84502966015,1.6,4594095.0,0,0,0,0,0,0,0,0,0,0,0,0,0,1,83,0.16369056283609829
2018-01-01,964037.0,13.778885991902907,102.4,102.12217425281648,1.0027205232283416,4.1632,0.38299557524549926,0.2418531392159575,457473.922500718,753599.8,57415638.70452011,82792351.0,7984.563103973199,9102.287722207575,2.3,1.2986743501277613,3803509.0,15.151434882573392,1119205.0,838952.0,457962.30664708256,1.5,4897398.0,0,0,1,0,0,0,0,0,0,0,0,0,0,0,84,0.14909673020625736
2018-02-01,990753.0,13.806221548389976,102.0,102.35431167958684,0.9965383805159475,4.1653,0.3808251029578,0.23960892440822348,458109.0081417944,755288.4669712841,57431850.05680436,82814808.0061469,7993.764163636609,9120.210324163563,2.3,0.2562665251084253,3453763.0,15.054975208776513,964037.0,863482.0,457900.8442025802,1.4,4906149.0,0,0,0,1,0,0,0,0,0,0,0,0,0,0,85,0.14739276557009884
2018-03-01,1273285.0,14.057111518448854,102.0,103.30028631437426,0.9874125584665168,4.2092,0.3764065112131273,0.2352682842668256,459002.0999460655,757792.3462988663,57446688.59505756,82834371.12242292,8006.223929435109,9148.283931303187,1.6,-0.6205586134469816,3980309.0,15.196870263674631,990753.0,1100166.0,457547.3930232803,2.3,4793848.0,0,0,0,0,1,0,0,0,0,0,0,0,0,0,86,0.15735716246457354
2018-04-01,1321726.0,14.094449772773606,102.5,103.75010574239984,0.9879508003056525,4.1937,0.37902840799822185,0.23683550427154207,459840.06577811786,759522.8,57463293.048962176,82855301.40600733,8017.714967856309,9166.858210776258,1.4,0.02003640481269997,4288056.0,15.271344274554872,1273285.0,1261882.0,457473.922500718,2.3,4309838.0,0,0,0,0,0,1,0,0,0,0,0,0,0,0,87,0.0474244025986581
2018-05-01,1543332.0,14.249454921411562,102.7,104.38766922447387,0.9838326764357127,4.285,0.37060282231338515,0.2297922136910962,460140.6858811853,758689.1584228252,57479497.5197039,82874895.47166422,8021.657336222031,9154.631859321365,1.1,-1.1138304184635497,4766559.0,15.377135428689266,1321726.0,1447273.0,458109.0081417944,1.6,3646538.0,0,0,0,0,0,0,1,0,0,0,0,0,0,0,88,0.0663724121157514
2018-06-01,1651020.0,14.316904442385272,102.8,104.46165297556772,0.9840931774652623,4.3038,0.36876882606509576,0.22879184197730276,460137.11396876007,756389.8666397088,57496339.01886009,82894532.47333805,8021.420450695174,9124.725649221698,1.4,-0.18466751493137457,5319644.0,15.486917129768019,1543332.0,1622510.0,459002.0999460655,1.4,3699826.0,0,0,0,0,0,0,0,1,0,0,0,0,0,0,89,0.017571540391122298
2018-07-01,2095134.0,14.555128548403074,102.6,104.23966517265265,0.9842702375344657,4.3239,0.36709741037992716,0.22555682858129503,460181.1853206986,754550.4,57512689.56329127,82913015.27288394,8022.043795724846,9100.506084800054,0.2,-0.5476548594350508,5705058.0,15.556863883030271,1651020.0,2029532.0,459840.06577811786,1.1,3803509.0,0,0,0,0,0,0,0,0,1,0,0,0,0,0,90,0.03232370812581431
2018-08-01,2067913.0,14.54205092767223,102.4,104.4426387952891,0.9804424819321854,4.2858,0.37043479747089486,0.22711839806296397,460565.3569511905,754457.5746401873,57529595.90282072,82931648.9398389,8027.723874700036,9097.342019420033,0.6,-1.0885070860664419,5768392.0,15.567904090161237,2095134.0,2036735.0,460140.6858811853,1.4,3453763.0,0,0,0,0,0,0,0,0,0,1,0,0,0,0,91,0.01530783337056607
2018-09-01,1759525.0,14.380555012559862,102.7,104.80515218017348,0.9799136575217748,4.3006,0.36884284041682464,0.22678431892650064,461279.33244501345,755861.1392284665,57546469.19988565,82949883.83193286,8038.422358450831,9112.262782187116,0.2,-2.2592949077266606,5462665.0,15.513447506940263,2067913.0,1721724.0,460137.11396876007,0.2,3980309.0,0,0,0,0,0,0,0,0,0,0,1,0,0,0,92,0.021955319203310175
2018-10-01,1618258.0,14.296861437955709,103.1,105.07838521602324,0.981172291409351,4.3046,0.36894830921847294,0.22724024720565023,462200.0932302311,757914.1,57562724.84608361,82967221.34675816,8052.471818265791,9135.102847814182,-0.1,-2.069704845780851,4734009.0,15.370283181432374,1759525.0,1515072.0,460181.1853206986,0.6,4288056.0,0,0,0,0,0,0,0,0,0,0,0,1,0,0,93,0.06810633422041978
2018-11-01,1256234.0,14.04362971041973,103.1,104.73510251982006,0.9843882091058187,4.3018,0.36990266327778365,0.23000682926193727,463286.08579563856,760070.1620450529,57579403.26468902,82984890.2015372,8069.367479709648,9159.139214369574,0.0,-2.3308292101720425,3989496.0,15.199175715756258,1618258.0,1148682.0,460565.3569511905,0.2,4766559.0,0,0,0,0,0,0,0,0,0,0,0,0,1,0,94,0.09363078728490559
2018-12-01,1201434.0,13.999027233652392,103.1,104.70878177232323,0.9846356557196765,4.29,0.37093093797954513,0.2301976439907474,464309.34862837,761801.8606118318,57595386.993888296,83001820.23534411,8085.434394992991,9178.13438852078,-0.8,-3.767352200457805,4074297.0,15.22020901987828,1256234.0,1119205.0,461279.33244501345,-0.1,5319644.0,0,0,0,0,0,0,0,0,0,0,0,0,0,1,95,0.0734709012200625
2019-01-01,974107.0,13.78927745943449,103.0,103.62488238693489,0.9939697650550611,4.2916,0.3715953733322678,0.23211192283680251,465158.06236040744,762886.4,57611698.32915593,83019213.0,8098.74036270766,9189.275258487454,0.0,-2.871484822620717,4056298.0,15.215781539484839,1201434.0,964037.0,462200.0932302311,0.0,5705058.0,0,0,1,0,0,0,0,0,0,0,0,0,0,0,96,0.010445657168760114
2019-02-01,1003585.0,13.819090143596316,103.3,103.94888904464153,0.9937576144333503,4.3175,0.3703909601406148,0.2302779887792424,465676.7992489095,763096.5068602223,57627747.23096383,83036530.43070713,8106.642769371419,9189.88911147987,-0.3,-2.7679993536923817,3706998.0,15.12573321237292,974107.0,990753.0,463286.08579563856,-0.8,5768392.0,0,0,0,1,0,0,0,0,0,0,0,0,0,0,97,0.012951764970683843
2019-03-01,1306869.0,14.083145523237103,103.7,104.887892112142,0.9886746497787186,4.2969,0.3704522274621511,0.23116549585912824,465976.75319956604,763013.1739858161,57641939.599582694,83051978.89138067,8110.686834886286,9187.176322236957,-0.2,-1.967117259465759,4124064.0,15.23234988539148,1003585.0,1273285.0,464309.34862837,0.0,5462665.0,0,0,0,0,1,0,0,0,0,0,0,0,0,0,98,0.026375870288270153
2019-04-01,1430554.0,14.173573038828264,104.7,105.65498388211161,0.9909612983030014,4.2864,0.37276332791952155,0.2317466017581399,466311.50570614147,763325.1,57657221.05936841,83068682.76768011,8114.401346610639,9189.083955198941,-0.5,-2.9922690139127823,4560356.0,15.332911467899793,1306869.0,1321726.0,465158.06236040744,-0.3,4734009.0,0,0,0,0,0,1,0,0,0,0,0,0,0,0,99,0.08233779164516708
2019-05-01,1648445.0,14.315343583905534,105.0,105.85341546851603,0.9919377616231017,4.2958,0.3744568145580377,0.2312438855262602,466754.7636661197,764458.4413069008,57671483.226166256,83084263.78141259,8118.931971922018,9201.001567735184,-0.9,-2.480056268360433,5096136.0,15.443993359703228,1430554.0,1543332.0,465676.7992489095,-0.2,3989496.0,0,0,0,0,0,0,1,0,0,0,0,0,0,0,100,0.06810783421843136
2019-06-01,1775456.0,14.389568412542015,105.2,105.92648593858094,0.9931416025732962,4.2635,0.37732149158004813,0.2327788976635814,467158.80798787787,765782.9077705691,57685575.876610294,83099564.08959517,8122.412124237781,9215.245785705056,-2.9,-2.5883234056690982,5471512.0,15.515065735785907,1648445.0,1651020.0,465976.75319956604,-0.5,4074297.0,0,0,0,0,0,0,0,1,0,0,0,0,0,0,101,0.07536916572785302
2019-07-01,2260446.0,14.631073139301698,105.2,105.53944085292244,0.9967837535410532,4.2596,0.3776377360994506,0.23211611524821069,467253.25273301004,766250.1,57698493.094912305,83113408.40732315,8121.5579920208265,9219.331930712704,-2.6,-2.7014070768689846,5754104.0,15.565424071102317,1775456.0,2095134.0,466311.50570614147,-0.9,4056298.0,0,0,0,0,0,0,0,0,1,0,0,0,0,0,102,0.07890282912691982
2019-08-01,2210863.0,14.608893947319052,105.1,105.7024675624288,0.9943003453341998,4.3466,0.3724041805903316,0.22746772068556825,466919.94363863784,765303.4899833981,57710994.99447333,83126523.11187999,8115.091714045333,9206.489834217848,-3.3,-3.6975895584260794,5850139.0,15.581976150545614,2260446.0,2067913.0,466754.7636661197,-2.9,3706998.0,0,0,0,0,0,0,0,0,0,1,0,0,0,0,103,0.06912766639602341
2019-09-01,1818829.0,14.413703995188868,105.2,105.87926198898421,0.9935845606002157,4.3531,0.37071289372878297,0.22755824679955114,466541.03474915307,763966.2838978952,57722534.44346791,83138227.40012614,8109.537177209947,9189.109604431333,-2.1,-3.569208300389246,5647782.0,15.546773636737235,2210863.0,1759525.0,467158.80798787787,-2.6,4124064.0,0,0,0,0,0,0,0,0,0,0,1,0,0,0,104,0.03370455094414693
2019-10-01,1661350.0,14.323141684753669,105.5,106.0767506431806,0.9945628930026272,4.3013,0.3748774945360148,0.23073817911358438,466623.04990998236,763690.8,57732687.495731056,83148020.99046865,8113.083103923594,9184.714090640146,-3.9,-4.419540480623952,5036832.0,15.432288069522611,1818829.0,1618258.0,467253.25273301004,-3.3,4560356.0,0,0,0,0,0,0,0,0,0,0,0,1,0,0,105,0.026628634000264384
2019-11-01,1305583.0,14.082161008214927,105.6,105.87372045595772,0.9974146515794579,4.2855,0.3745716335888013,0.23378778047061743,466737.2258314784,764553.1338279329,57742029.98692786,83156360.21169858,8117.955221235647,9194.163042749125,-2.2,-4.3528095567870055,4372294.0,15.290798600842132,1661350.0,1256234.0,466919.94363863784,-2.1,5096136.0,0,0,0,0,0,0,0,0,0,0,0,0,1,0,106,0.039283286394095285
2019-12-01,1287489.0,14.068205144499574,106.2,106.1200214139819,1.0007536616083603,4.2726,0.37506919838229447,0.2344911277565956,462947.4591177515,761585.838941307,57749862.463157035,83162518.88129523,8055.360482273817,9157.801485406926,-3.6,-5.112644176057157,4489504.0,15.317253008652147,1305583.0,1201434.0,466541.03474915307,-3.9,5471512.0,0,0,0,0,0,0,0,0,0,0,0,0,0,1,107,0.0716269058475123
2020-01-01,1077819.0,13.890451040627793,106.9,105.13035502938341,1.0168328640203106,4.2507,0.38117787716165136,0.23928448164926416,450004.17778489867,748188.8,57756606.05501474,83166711.0,7834.193306326601,8996.253320634503,-2.5,-4.567212060517504,4454672.0,15.309464215519684,1287489.0,974107.0,466623.04990998236,-2.2,5754104.0,1,0,1,0,0,0,0,0,0,0,0,0,0,0,108,0.10646879654904451
2020-02-01,1095477.0,13.906701355661742,107.5,105.32783693829937,1.020622877340328,4.2766,0.37928362152384776,0.2378125913781056,425972.8926725718,721567.0407887133,57761938.9325004,83168602.7049978,7420.333979061134,8675.954835361837,-2.4,-3.580799774125202,4172871.0,15.244115085726785,1077819.0,1003585.0,466737.2258314784,-3.6,5850139.0,1,0,0,1,0,0,0,0,0,0,0,0,0,0,109,0.0915637439778394
2020-03-01,473360.0,13.067613589905383,107.7,105.80673230818633,1.0178936410804098,4.4406,0.3741464324373765,0.22923893440037355,402867.2552541074,695544.1105439605,57765841.21581564,83168581.95999075,7020.691101054798,8363.063240377962,-8.4,-8.922234021049187,2097464.0,14.556240030652692,1095477.0,1306869.0,462947.4591177515,-2.5,5647782.0,1,0,0,0,1,0,0,0,0,0,0,0,0,0,110,-0.6377907808663301
2020-04-01,83695.0,11.334946465610392,107.7,106.06478847363815,1.015417100716401,4.5437,0.36682624844777817,0.22319349732273494,390626.64300625253,681793.6,57769116.89424196,83167061.61350387,6806.063344278076,8197.880107493143,-18.1,,35058.0,10.46478763553565,473360.0,1430554.0,450004.17778489867,-2.4,5036832.0,1,0,0,0,0,1,0,0,0,0,0,0,0,0,111,-0.941494693664133
2020-05-01,101715.0,11.529939895129358,108.6,106.04898458082644,1.0240550669038162,4.5251,0.3691003651768964,0.2259837064499121,399565.90906768193,692319.7215732231,57771664.20893921,83164520.8140547,6954.355063156154,8324.7004226858,-15.5,-17.82672236750627,34428.0,10.446654511472781,83695.0,1648445.0,425972.8926725718,-8.4,4372294.0,1,0,0,0,0,0,1,0,0,0,0,0,0,0,112,-0.9382963944808592
2020-06-01,258115.0,12.461164375261484,109.2,106.38426151868788,1.0264676225704448,4.445,0.37413422093668763,0.22981224634105016,421102.8313810301,717565.3071129554,57773926.12217635,83161217.45779498,7318.273216849873,8628.605124463525,-11.4,-12.07477962318707,363850.0,12.804499722156779,101715.0,1775456.0,402867.2552541074,-18.1,4489504.0,1,0,0,0,0,0,0,1,0,0,0,0,0,0,113,-0.8546204468035254
2020-07-01,819304.0,13.616211698881942,109.1,106.10104485475009,1.0282650858844549,4.4493,0.3723232145630836,0.2304578113073122,440578.6278996313,740949.7,57776018.16119166,83157773.66939022,7646.967064898155,8910.167592338254,-10.4,-12.020618952402746,2155116.0,14.583355572389596,258115.0,2260446.0,390626.64300625253,-15.5,4454672.0,1,0,0,0,0,0,0,0,1,0,0,0,0,0,114,-0.6375476344048918
2020-08-01,961003.0,13.775733850274673,109.0,105.70958159693382,1.0311269645888148,4.3995,0.37560350470618586,0.23329136229099826,448822.5829706028,752086.8184553905,57778352.93654196,83154387.14572847,7783.322715040462,9044.463488587255,-8.1,-12.065083905367052,2869748.0,14.869735127465272,819304.0,2210863.0,399565.90906768193,-11.4,4172871.0,1,0,0,0,0,0,0,0,0,1,0,0,0,0,115,-0.5653267524943879
2020-09-01,822527.0,13.620137803595421,109.2,105.83954960485863,1.0317504222919247,4.4727,0.37326230675330135,0.23076354458383383,447811.50663295004,752422.4679894169,57781141.168702,83151609.78779188,7762.922873173545,9048.802180855502,-8.5,-10.771328521397376,2355579.0,14.672297539610668,961003.0,1818829.0,421102.8313810301,-10.4,2097464.0,1,0,0,0,0,0,0,0,0,0,1,0,0,0,116,-0.5477711208695265
2020-10-01,561466.0,13.238308280284835,109.5,106.04283485533017,1.0326015911342459,4.5414,0.3692688075345943,0.22789704597975874,443782.06989728566,748115.7,57784535.539449796,83149915.52842097,7694.348215120258,8997.191341033787,-9.1,-12.390806076732952,1857652.0,14.434824420957165,822527.0,1661350.0,440578.6278996313,-8.1,35058.0,1,0,0,0,0,0,0,0,0,0,0,1,0,0,117,-0.6620423149848016
2020-11-01,204314.0,12.227418199549552,109.5,105.76016027467293,1.035361517187703,4.4949,0.36986788993536196,0.23267375741536042,441362.6517706832,743930.5982408662,57789035.48145765,83149618.69977272,7657.751596629137,8946.891277120189,-9.7,-13.965746343165609,994960.0,13.810458819392649,561466.0,1305583.0,448822.5829706028,-8.5,34428.0,1,0,0,0,0,0,0,0,0,0,0,0,1,0,118,-0.8435074598857368
2020-12-01,164157.0,12.008584657654458,109.8,106.1049909926583,1.0348240829462712,4.4786,0.370637140941811,0.23282611591458108,441461.5131492533,742028.1604083572,57794612.1330109,83151147.45698921,7665.72011372123,8923.847512653736,-8.7,-9.088810974196218,1039794.0,13.85453413630315,204314.0,1287489.0,447811.50663295004,-9.1,363850.0,1,0,0,0,0,0,0,0,0,0,0,0,0,1,119,-0.872498328141056
2021-01-01,113784.0,11.64206598179332,110.8,106.14807385564694,1.0438248757172863,4.5333,0.3667757118377512,0.2288516496857917,443871.1202896292,743509.0,57801910.41216889,83155031.0,7711.44833330532,8941.23892515896,-11.3,-10.398854010284968,838777.0,13.63970134972126,164157.0,1077819.0,443782.06989728566,-9.7,2155116.0,1,0,1,0,0,0,0,0,0,0,0,0,0,0,120,-0.8944312542272868
2021-02-01,153507.0,11.941507961915175,111.4,106.25089818356042,1.0484617250721393,4.4968,0.36948652054466147,0.2306626818756611,448220.63755815715,748993.8279280982,57810981.674684994,83161512.1736431,7785.752225556549,9006.496014216074,-9.5,-10.191317664392294,457767.0,13.034117784538077,113784.0,1095477.0,441362.6517706832,-8.7,2869748.0,1,0,0,1,0,0,0,0,0,0,0,0,0,0,121,-0.8598720009639637
2021-03-01,175427.0,12.074983981299615,112.4,107.20362837245017,1.0484719753094218,4.5991,0.363118612120361,0.2265019857513727,452858.0630481362,755353.2787116962,57820661.615064204,83169227.61862738,7862.644650396987,9082.124486900007,-6.8,-6.220487539193446,673858.0,13.420776169196264,153507.0,473360.0,441461.5131492533,-11.3,2355579.0,1,0,0,0,1,0,0,0,0,0,0,0,0,0,122,-0.6294004563123204
2021-04-01,151985.0,11.931543690323306,113.2,107.89810947496147,1.049137937178305,4.5615,0.36603972089792974,0.22893356194331432,457537.2137862155,760985.2,57832920.747626096,83179250.00534138,7940.309304956417,9148.73841674616,-8.2,-5.861447580535378,892682.0,13.701986813634496,175427.0,83695.0,443871.1202896292,-9.5,1857652.0,1,0,0,0,0,1,0,0,0,0,0,0,0,0,123,0.8159388254973416
2021-05-01,239983.0,12.38832753343514,113.6,108.26345063736034,1.0492922526598103,4.5281,0.3677370180977996,0.23079839157088514,460685.9669208645,762904.5646559543,57846224.66128193,83189855.68387131,7994.341382025918,9170.64416549847,-4.9,-2.241579176513569,1171566.0,13.973852726929264,151985.0,101715.0,448220.63755815715,-6.8,994960.0,1,0,0,0,0,0,1,0,0,0,0,0,0,0,124,1.3593668583788037
2021-06-01,467501.0,13.055158905776594,113.7,108.6162719832756,1.0468044789597197,4.5005,0.3685719350251095,0.23156608222876962,462820.46713135287,762443.7361473661,57861350.62384065,83201138.03702761,8032.59079515793,9163.861866986124,-1.7,0.6640693811690603,2580023.0,14.763309259180115,239983.0,258115.0,452858.0630481362,-8.2,1039794.0,1,0,0,0,0,0,0,1,0,0,0,0,0,0,125,0.8112120566414196
2021-07-01,1002760.0,13.81826775340509,114.2,108.40496110604177,1.0534573218313277,4.5616,0.36605349321518554,0.2282139964643217,464415.8825006791,761643.3,57877217.79789771,83211781.75926997,8061.293782970047,9153.070441436033,-2.6,-0.5691285310551066,3786602.0,15.146979869067541,467501.0,819304.0,457537.2137862155,-4.9,838777.0,1,0,0,0,0,0,0,0,1,0,0,0,0,0,126,0.2239168855516389
2021-08-01,1207962.0,14.004446027868743,114.5,108.865546507911,1.051756075937942,4.5687,0.3643595634099544,0.22824985229543404,466083.9896666859,762091.0396918112,57894774.33528886,83221882.76965635,8089.524324537432,9157.339564176242,-3.9,-1.836867394423434,4170530.0,15.24355392379767,1002760.0,961003.0,460685.9669208645,-1.7,457767.0,1,0,0,0,0,0,0,0,0,1,0,0,0,0,127,0.25698046728262036
2021-09-01,1028888.0,13.843990137277498,115.3,109.41859885402367,1.0537513842031807,4.5681,0.3648364607082719,0.22924843832205968,467750.6470767807,763679.3690058243,57913398.89663692,83230447.84182328,8115.987352952531,9175.480714187333,-0.8,-0.5449423303897742,3946399.0,15.188314328901665,1207962.0,822527.0,462820.46713135287,-2.6,673858.0,1,0,0,0,0,0,0,0,0,0,1,0,0,0,128,0.25088659703572036
2021-10-01,1077942.0,13.890565153357377,116.5,110.45296420610657,1.0547476098750015,4.5909,0.3629830462921032,0.22923475947459235,469219.6815344905,765738.2,57932333.4443892,83236680.33671328,8137.88525642882,9199.528343783013,-2.6,-1.797271068999483,3578512.0,15.090457908961232,1028888.0,561466.0,464415.8825006791,-3.9,892682.0,1,0,0,0,0,0,0,0,0,0,0,1,0,0,129,0.9198704819169816
2021-11-01,810776.0,13.605748326112735,117.6,110.98922239971424,1.0595623381924224,4.6462,0.3603518101895746,0.22802708868741325,470492.7260613564,767876.5618498884,57952730.621961124,83240382.09156078,8155.689102603784,9224.808230760615,-4.4,-5.561885614549393,3265477.0,14.99891671120217,1077942.0,204314.0,466083.9896666859,-0.8,1171566.0,1,0,0,0,0,0,0,0,0,0,0,0,1,0,130,2.9682841117104064
2021-12-01,734498.0,13.506943913124754,118.6,111.64867921356884,1.0622606629598745,4.6137,0.3647075140681607,0.23096180929639198,471585.2372254571,769655.21190907,57973169.5135602,83240726.87168413,8171.411501837031,9246.13756791788,-6.4,-6.012374763477085,3547677.0,15.081803862937962,810776.0,164157.0,467750.6470767807,-2.6,2580023.0,1,0,0,0,0,0,0,0,0,0,0,0,0,1,131,3.474362957412721
2022-01-01,532108.0,13.184603634555307,120.4,111.74374866347704,1.077465195503614,4.5522,0.36984594130821835,0.23551870039998665,472720.21636928484,770929.9,57994903.05219158,83237124.0,8190.439266162394,9261.85171895175,-4.9,-6.382597871312305,2796484.0,14.843873829381728,734498.0,113784.0,469219.6815344905,-4.4,3786602.0,0,1,1,0,0,0,0,0,0,0,0,0,0,0,132,3.6764747240385294
2022-02-01,687189.0,13.44036609774188,120.4,112.70564130069025,1.0682695081675795,4.5487,0.3679885371571908,0.23361960337018398,473960.0080789557,771495.620837551,58017176.74388335,83229145.13258263,8214.878885896334,9269.53676634034,-6.3,-6.247081991692785,2502715.0,14.732887100133015,532108.0,153507.0,470492.7260613564,-6.4,4170530.0,0,1,0,1,0,0,0,0,0,0,0,0,0,0,133,3.476597158435772
2022-03-01,1218111.0,14.012812677047457,123.9,115.4788274086731,1.0729239530769121,4.7522,0.3560542677443175,0.22456619303318456,475075.29520489497,771712.3612434451,58037781.994296595,83218775.47432849,8237.807480709633,9273.296282537882,-15.4,-19.283093162253206,3208632.0,14.981355547705665,687189.0,175427.0,471585.2372254571,-4.9,3946399.0,0,1,0,0,1,0,0,0,0,0,0,0,0,0,134,5.943691678019917
2022-04-01,1132481.0,13.93992224217328,126.1,116.35445487517495,1.0837573871604664,4.6485,0.36388079225353287,0.23205329533621638,476148.96201357245,772099.8,58061186.30193442,83204714.00876997,8258.223421516557,9279.519906992515,-18.6,-18.96069351865284,3782881.0,15.145996710953158,1218111.0,151985.0,472720.21636928484,-6.3,3578512.0,0,1,0,0,0,1,0,0,0,0,0,0,0,0,135,6.451268217258282
2022-05-01,1158985.0,13.963056042870157,128.1,117.2127121043011,1.0928848731527592,4.6485,0.36873720530560405,0.23314108748578352,476906.9857025563,772927.3897674332,58084478.84415987,83189435.27257581,8268.645743052097,9291.172457594937,-18.8,-17.982977753385274,4586116.0,15.338544254503683,1132481.0,239983.0,473960.0080789557,-15.4,3265477.0,0,1,0,0,0,0,1,0,0,0,0,0,0,0,136,3.8294462524428816
2022-06-01,1266860.0,14.05205274531333,129.9,118.25598174026267,1.0984645181443105,4.6471,0.37099774445790235,0.2366885425308084,477419.9518316469,773879.2792806629,58109267.50724821,83172894.12030558,8271.392710372258,9304.4649638052,-20.4,-21.00132927780125,5221887.0,15.468369580290027,1158985.0,467501.0,475075.29520489497,-18.6,3547677.0,0,1,0,0,0,0,0,1,0,0,0,0,0,0,137,1.7098551660852062
2022-07-01,1715226.0,14.3550559913392,130.4,118.50939048349045,1.1003347453564538,4.7682,0.3609958103166398,0.229813833171371,477710.55559559894,774366.6,58134005.71786084,83157089.51933412,8269.380155636356,9312.09358668041,-24.6,-24.847104001286276,5490569.0,15.518542633232869,1266860.0,1002760.0,476148.96201357245,-18.8,2796484.0,0,1,0,0,0,0,0,0,1,0,0,0,0,0,138,0.710505006182935
2022-08-01,1809999.0,14.408837403242009,131.4,119.24414060087437,1.10194093678626,4.7233,0.36373146532649425,0.23279943894272206,477855.02057872905,774020.0278931914,58160397.74016555,83141941.26656918,8265.32702441308,9309.621787775355,-23.5,-22.50759273759799,5526243.0,15.525018938394789,1715226.0,1207962.0,476906.9857025563,-20.4,2502715.0,0,1,0,0,0,0,0,0,0,1,0,0,0,0,139,0.49839067785244895
2022-09-01,1473784.0,14.203344479491495,133.4,120.36836395163459,1.1082646271872705,4.7414,0.36766904827463165,0.23042710856436763,477893.2026066752,772992.9529526179,58187688.513249144,83128984.9731995,8260.725193056938,9298.71756766702,-28.0,-25.546312429205397,5291567.0,15.481625168231796,1809999.0,1028888.0,477419.9518316469,-24.6,3208632.0,0,1,0,0,0,0,0,0,0,0,1,0,0,0,140,0.4324046932221972
2022-10-01,1461349.0,14.19487122398633,135.6,122.02958973416611,1.1112058992855436,4.804,0.3675616273708857,0.22855447720691596,477877.26213277143,771661.1,58215007.94358055,83119475.69785853,8256.81102857363,9283.758030488647,-26.6,-24.43339972541975,4772201.0,15.378318391563893,1473784.0,1077942.0,477710.55559559894,-23.5,3782881.0,0,1,0,0,0,0,0,0,0,0,0,1,0,0,141,0.35568425759456446
2022-11-01,1114742.0,13.924134443035156,136.5,121.95137831034201,1.1192985425112183,4.6964,0.3759913843461219,0.23534263646510883,477854.2606270737,770231.4274088019,58244232.37664213,83113752.92582947,8254.049328283729,9267.195864638126,-24.3,-20.825775642862297,3661677.0,15.113432070257671,1461349.0,810776.0,477855.02057872905,-28.0,4586116.0,0,1,0,0,0,0,0,0,0,0,0,0,1,0,142,0.37490749602849616
2022-12-01,1188412.0,13.98812936158851,136.8,121.90461392292637,1.1221888622402034,4.6832,0.3770105554853134,0.23943275440080206,477865.0747626414,768987.5801068958,58273529.06038732,83113117.6644715,8251.919840480285,9252.30098107144,-22.0,-19.290226960279654,3926984.0,15.18338251384315,1114742.0,734498.0,477893.2026066752,-26.6,5221887.0,0,1,0,0,0,0,0,0,0,0,0,0,0,1,143,0.6179921524633152
2023-01-01,974813.0,13.79000196255045,139.5,121.53425439057564,1.1478245429612601,4.6974,0.3823412337998611,0.24222903218614356,477949.88313514466,768023.3,58304906.15719273,83118501.0,8249.197932797624,9240.100468125622,-19.9,-17.96995989879439,3895604.0,15.17535955256769,1188412.0,532108.0,477877.26213277143,-24.3,5490569.0,0,1,1,0,0,0,0,0,0,0,0,0,0,0,144,0.8319833567621611
2023-02-01,1042473.0,13.857107292296124,141.1,122.66615002959344,1.1502765837678883,4.7415,0.3789239869449971,0.24037572889978953,478133.1246809248,767511.5765387885,58337403.31033654,83130686.57523489,8245.20883486506,9232.590372559664,-16.8,-16.17806416765927,3497459.0,15.067547548715844,974813.0,687189.0,477854.2606270737,-22.0,5526243.0,0,1,0,1,0,0,0,0,0,0,0,0,0,0,145,0.5170106040696227
2023-03-01,1213746.0,14.009222826905935,142.7,123.71027711960913,1.1535015790323602,4.6893,0.38505122194943897,0.24325324676176996,478348.7438945045,767369.1589445507,58367526.34758759,83147024.95077422,8241.090270933566,9229.06332967245,-17.8,-16.63780074405274,4078460.0,15.221230269337957,1042473.0,1218111.0,477865.0747626414,-19.9,5291567.0,0,1,0,0,1,0,0,0,0,0,0,0,0,0,146,-0.0035834172747803983
2023-04-01,1335913.0,14.105126259749325,143.8,124.65267620115479,1.1536053968704751,4.632,0.39103217696268333,0.246779849035259,478589.04111580655,767438.2,58401462.64777442,83170137.27968043,8236.93805966663,9227.328763679885,-14.4,-14.35691422824788,4706287.0,15.364410044866933,1213746.0,1132481.0,477949.88313514466,-16.8,4772201.0,0,1,0,0,0,1,0,0,0,0,0,0,0,0,147,0.17963391880305268
2023-05-01,1416120.0,14.163432001562391,144.1,124.81980442461844,1.1544642347763436,4.5344,0.4000214143929611,0.2530198027590361,478777.61600590975,767595.4603597086,58434625.61401803,83196659.58306438,8233.988285878891,9226.277403521635,-14.0,-14.469395828650484,5284416.0,15.480272858997285,1335913.0,1158985.0,478133.1246809248,-17.8,3661677.0,0,1,0,0,0,0,1,0,0,0,0,0,0,0,148,0.2218622329020652
2023-06-01,1533780.0,14.243246486701942,144.2,125.15658714106348,1.1521566966145598,4.4608,0.4073628429090053,0.2563524200806219,478911.6502477016,767661.2529192646,58468943.33597863,83227430.04223889,8231.44156474732,9223.65682239218,-14.2,-12.755352129274494,5941814.0,15.597525200221792,1416120.0,1266860.0,478348.7438945045,-14.4,3926984.0,0,1,0,0,0,0,0,1,0,0,0,0,0,0,149,0.210694157207584
2023-07-01,2021470.0,14.519336022177226,143.8,124.98385487800829,1.1505486059808077,4.4431,0.4083539938927954,0.2554442805768003,478975.9885754372,767438.3,58501931.08857748,83259573.2754649,8228.563382839318,9217.418127533812,-14.0,-11.654232205435783,6281165.0,15.653066189999874,1533780.0,1715226.0,478589.04111580655,-14.0,3895604.0,0,1,0,0,0,0,0,0,1,0,0,0,0,0,150,0.178544401728985
2023-08-01,1956772.0,14.486807245782238,143.9,125.55628038013305,1.1460995783271828,4.4601,0.40800506687457844,0.25364662410620853,478988.9010629103,766798.5176936929,58535505.280565165,83294302.19271135,8224.775733223434,9205.894010848577,-14.8,-12.640259828152237,6356053.0,15.66491830251203,2021470.0,1809999.0,478777.61600590975,-14.2,3497459.0,0,1,0,0,0,0,0,0,0,1,0,0,0,0,151,0.08109010004977901
2023-09-01,1591238.0,14.28002351602546,143.7,125.99349035895312,1.1405351148745966,4.5981,0.39573169538839165,0.24530642767367872,479044.0119488243,765978.4062371198,58568270.49744683,83329624.95883231,8221.954521996287,9192.14993005836,-15.3,-14.72134825836013,6153837.0,15.632586510175742,1956772.0,1473784.0,478911.6502477016,-14.0,4078460.0,0,1,0,0,0,0,0,0,0,0,1,0,0,0,152,0.07969553204540158
2023-10-01,1502844.0,14.222870536337973,144.2,126.12641373338315,1.1432973929221706,4.5124,0.4036623094130699,0.25122945632969995,479248.37724879856,765317.7,58598934.86680668,83363473.7309694,8222.346327511783,9180.491955863467,-15.2,-14.984925787912925,5635608.0,15.544615774150543,1591238.0,1461349.0,478975.9885754372,-14.8,4706287.0,0,1,0,0,0,0,0,0,0,0,0,1,0,0,153,0.02839499667772727
2023-11-01,1166883.0,13.969847506156789,145.1,125.51814178912187,1.156008190782308,4.402,0.4164672349195935,0.2609840844674719,479687.9880224661,764983.1207417074,58629259.90517941,83397175.12168574,8227.421680309812,9172.770176274102,-16.3,-14.080392518851514,4454594.0,15.309446705663655,1502844.0,1114742.0,478988.9010629103,-15.3,5284416.0,0,1,0,0,0,0,0,0,0,0,0,0,1,0,154,0.046774051753679435
2023-12-01,1254853.0,14.042529789119266,145.3,125.77713389775975,1.1552179279113626,4.3335,0.41953600614593517,0.26484581070615043,480246.5656979828,764810.3360952833,58657018.4799758,83427664.65688467,8235.159138493504,9167.346817638256,-13.8,-12.407717268233245,4650569.0,15.352500350696307,1166883.0,1188412.0,479044.0119488243,-15.2,5941814.0,0,1,0,0,0,0,0,0,0,0,0,0,0,1,155,0.05590737892246134
2024-01-01,950823.0,13.76508425605116,145.8,125.3673220371285,1.1629824872291699,4.3648,0.4190250265751255,0.26426892702030513,480829.56463818735,764495.1,58683778.38809291,83456045.0,8243.528728197653,9160.452067911918,-16.5,-12.62020281268127,4537915.0,15.32797843379362,1254853.0,974813.0,479248.37724879856,-16.3,6281165.0,0,1,1,0,0,0,0,0,0,0,0,0,0,0,156,-0.024609848247817756
2024-02-01,1089342.0,13.901085320183556,146.3,126.04633562554537,1.1606842775233357,4.3256,0.42359544461966947,0.26589542091372353,481315.7894987558,763845.9143903449,58708375.477608554,83480520.81430179,8250.280549565505,9149.989805280224,-13.7,-11.731401555193704,4173290.0,15.2442154911467,950823.0,1042473.0,479687.9880224661,-13.8,6356053.0,0,1,0,1,0,0,0,0,0,0,0,0,0,0,157,0.04495943779838907
2024-03-01,1300956.0,14.078610705449583,146.6,126.97743607435082,1.154535833548878,4.3069,0.4247316701509201,0.2659250272818036,481700.9985998356,763121.8973006267,58729523.42730227,83499995.17076881,8255.397338120945,9139.184927375612,-13.1,-10.93927077030008,4744422.0,15.372480380946095,1089342.0,1213746.0,480246.5656979828,-16.5,6153837.0,0,1,0,0,1,0,0,0,0,0,0,0,0,0,158,0.07185193607229179
2024-04-01,1239120.0,14.029912815245655,148.1,127.68710177014309,1.1598665640215042,4.3026,0.42961911079847165,0.267244159460999,482087.7914756855,762520.8,58750319.0866249,83517484.7876217,8260.43292760483,9130.073803575737,-10.3,-10.597738085826045,5271592.0,15.477843151880894,1300956.0,1335913.0,480829.56463818735,-13.7,5635608.0,0,1,0,0,0,1,0,0,0,0,0,0,0,0,159,-0.07245456852354903
2024-05-01,1503749.0,14.223472546271026,148.2,127.97603819272769,1.1580292849573581,4.2796,0.4302637254347285,0.26823706132652164,482474.9665037593,762324.6349037217,58768837.39899754,83531457.79223336,8265.571170580826,9126.198142020236,-10.5,-10.178712161619421,6179911.0,15.63681458985029,1239120.0,1416120.0,481315.7894987558,-13.1,4454594.0,0,1,0,0,0,0,1,0,0,0,0,0,0,0,160,0.061879642968110105
2024-06-01,1614132.0,14.294308528382315,148.4,128.2111859325078,1.1574653094474916,4.3209,0.4231100958551929,0.2656202374841811,482882.06380942854,762430.4228937142,58786497.81740175,83543185.52185072,8271.317791565007,9126.183280314352,-10.4,-9.906533211605085,6681092.0,15.714792154882577,1503749.0,1533780.0,481700.9985998356,-10.3,4650569.0,0,1,0,0,0,0,0,1,0,0,0,0,0,0,161,0.052388217345382015
2024-07-01,2208230.0,14.607702300472095,149.6,128.11144494912466,1.1677332970478074,4.2817,0.4336556440787265,0.26876456332046406,483265.51919984136,762667.0,58802337.949411705,83552236.61658435,8277.317434013918,9128.026141296828,-8.5,-9.105624645700379,7048963.0,15.76839121363558,1614132.0,2021470.0,482087.7914756855,-10.5,4537915.0,0,1,0,0,0,0,0,0,1,0,0,0,0,0,162,0.09238821253840035
2024-08-01,2274299.0,14.637182870712506,149.7,128.25819102308387,1.1671769171690332,4.2917,0.43245297788332215,0.2687309897956542,483647.2948429779,762937.1989708855,58817598.70265145,83559554.28635603,8284.002509714266,9130.460370292583,-10.0,-9.60420978455631,7274231.0,15.799848798438932,2208230.0,1956772.0,482474.9665037593,-10.4,4173290.0,0,1,0,0,0,0,0,0,0,1,0,0,0,0,163,0.16227082153669414
2024-09-01,1703371.0,14.348120373841207,149.8,128.0848840458511,1.1695369138670215,4.2761,0.4330707609764697,0.2700996269145227,484068.1225087197,763351.815109503,58831921.848849826,83565148.83940905,8291.283070548872,9134.81069215195,-10.8,-8.473378149084203,6947903.0,15.753950589321944,2274299.0,1591238.0,482882.06380942854,-8.5,4744422.0,0,1,0,0,0,0,0,0,0,0,1,0,0,0,164,0.07046903103118463
2024-10-01,1721466.0,14.358687392247909,150.3,128.63424089921276,1.168429175228412,4.317,0.4294662886433811,0.2674027982822173,484576.85129503405,764056.4,58845069.16563172,83569251.12858228,8299.010586061882,9142.79342798464,-8.9,-8.697293216593621,6351114.0,15.664140946005839,1703371.0,1502844.0,483265.51919984136,-10.0,5271592.0,0,1,0,0,0,0,0,0,0,0,0,1,0,0,165,0.14547218473773715
2024-11-01,1302125.0,14.07950887126188,150.8,128.391158053506,1.174535710139442,4.3317,0.43084556637638005,0.2692430152282457,485237.78657554375,765157.736988502,58858102.03960596,83572474.44342683,8307.621894471784,9155.619025094971,-10.7,-9.370109773640014,4871530.0,15.398918819370342,1721466.0,1166883.0,483647.2948429779,-10.8,6179911.0,0,1,0,0,0,0,0,0,0,0,0,0,1,0,166,0.11590022307292158
2024-12-01,1484416.0,14.210532660541697,150.9,128.8803967578174,1.1708530063230658,4.2704,0.43477931297716055,0.2713999098714892,485903.0536791136,766226.3214456544,58870356.62960031,83574936.09597407,8315.744133311524,9168.135295559798,-10.2,-9.747944868992047,5078490.0,15.440524728183298,1302125.0,1254853.0,484068.1225087197,-8.9,6681092.0,0,1,0,0,0,0,0,0,0,0,0,0,0,1,167,0.1829401531494128
2025-01-01,1079963.0,13.892438265211501,152.1,128.58817259790055,1.182845956413283,4.2467,0.44053445926538654,0.27572013394886535,486472.93793377525,766853.3,58882834.80710439,83577140.0,8322.873449315513,9175.395329392702,-11.3,-9.52699750765775,4919332.0,15.408683510172478,1484416.0,950823.0,484576.85129503405,-10.7,7048963.0,0,1,1,0,0,0,0,0,0,0,0,0,0,0,168,0.13581917980528457
2025-02-01,1146878.0,13.952554897957409,152.6,129.1283039931648,1.18177034221775,4.1722,0.44492033509906737,0.28027147763861543,486824.30153050344,766667.8795731504,,,,,-11.2,-9.83929953000963,4660602.0,15.354655396872113,1079963.0,1089342.0,485237.78657554375,-10.2,7274231.0,0,1,0,1,0,0,0,0,0,0,0,0,0,0,169,0.05281720524867306
2025-03-01,1322479.0,14.095019319726894,153.1,129.81797383492724,1.1793436261351413,4.182,0.44185575591015075,0.2794601363166752,487026.5076023553,766055.3620602845,,,,,-10.4,-10.877695808280727,5343872.0,15.491461228946168,1146878.0,1300956.0,485903.0536791136,-11.3,6947903.0,0,1,0,0,1,0,0,0,0,0,0,0,0,0,170,0.016543987652157366
2025-04-01,1539842.0,14.247191021140807,153.6,130.7700806185096,1.174580601873996,4.2652,0.433670592442831,0.27365029829307774,487248.4398208508,765317.7,,,,,-10.6,-12.841360870459361,6103514.0,15.624375392695264,1322479.0,1239120.0,486472.93793377525,-11.2,6351114.0,0,1,0,0,0,1,0,0,0,0,0,0,0,0,171,0.24268997352960175
2025-05-01,1705818.0,14.349555905273867,153.4,130.72716434517454,1.173436299704013,4.2538,0.43198582559916116,0.2736105773069028,487558.83015330276,764898.5527144065,,,,,-9.2,-11.207746821528044,6868664.0,15.74248032217124,1539842.0,1503749.0,486824.30153050344,-10.4,4871530.0,0,1,0,0,0,0,1,0,0,0,0,0,0,0,172,0.13437681421567027
2025-06-01,1823235.0,14.416123502221085,153.5,131.16714079022776,1.1702626059791041,4.2658,0.4305289718612519,0.2728117643968455,487968.6493058295,764830.7487068182,,,,,-9.9,-11.460634994448995,7532319.0,15.834713653252347,1705818.0,1614132.0,487026.5076023553,-10.6,5078490.0,0,1,0,0,0,0,0,1,0,0,0,0,0,0,173,0.12954516730973675
2025-07-01,2306653.0,14.651308547581186,153.9,131.2137020696736,1.1728957995429483,4.2541,0.4339840431389575,0.27323915915202757,488413.98358504794,765098.3,,,,,-8.9,-11.085405289138443,7979004.0,15.892324274935165,1823235.0,2208230.0,487248.4398208508,-9.2,4919332.0,0,1,0,0,0,0,0,0,1,0,0,0,0,0,174,0.04457099124638275
2025-08-01,2453961.0,14.713214419210527,153.8,131.36429981688624,1.1707899346655655,4.2613,0.4323216874860823,0.2723945080095586,488891.4130982012,765682.9635053085,,,,,-10.5,-11.284343775838975,8145276.0,15.912948808034233,2306653.0,2274299.0,487558.83015330276,-9.9,4660602.0,0,1,0,0,0,0,0,0,0,1,0,0,0,0,175,0.07899664907736414
2025-09-01,1835805.0,14.42299418009167,154.1,131.4622935298776,1.1721992357069102,4.2589,0.4318575827616029,0.2724627406760103,489376.6847552637,766485.4576085965,,,,,-9.0,-10.518295410446733,7700662.0,15.85681698701329,2453961.0,1703371.0,487968.6493058295,-8.9,5343872.0,0,1,0,0,0,0,0,0,0,0,1,0,0,0,176,0.0777481828679718
2025-10-01,1865988.0,14.439301765409564,154.6,131.8685571360787,1.1723795524695406,4.2488,0.4325191776515775,0.27317375745167116,489850.0154696724,767365.2,,,,,-10.6,-9.722525504684187,6999227.0,15.761310415223384,1835805.0,1721466.0,488413.98358504794,-10.5,6103514.0,0,1,0,0,0,0,0,0,0,0,0,1,0,0,177,0.0839528634315172
2025-11-01,1390200.0,14.144958898969225,154.7,131.48093675671322,1.1765964239078273,4.2376,0.43560613142869664,0.27531307029135993,,,,,,,-11.1,-9.906500146648035,,,1865988.0,1302125.0,488891.4130982012,-9.0,6868664.0,0,1,0,0,0,0,0,0,0,0,0,0,1,0,178,0.06763943553806273
